Sepal.Length,Sepal.Width,Petal.Length,Petal.Width
4.738095238095237,2.9047619047619047,1.7904761904761906,0.3523809523809524
5.175757575757576,3.624242424242424,1.4727272727272727,0.27272727272727265
6.314583333333331,2.8958333333333335,4.973958333333335,1.7031250000000007
